Address,Name,Subsystem,Status,Description
0x001003bc,Weather_InitWeatherHeap,Weather,done,Initializes heap for weather sub-system
0x00100684,Time_StateManagerUpdateTick,Time,partial,"Per-frame update tick for a state manager object. Flushes pending state transitions across multiple subsystems, then che"
0x001009e4,Weather_CleanupWeatherHeap,Weather,done,Cleans up and destructs weather heap objects
0x00112584,Town_GridSubObjectConstructor,Town,partial,"First sub-ctor called in FUN005ca4f4's chain, at param1 = iVar1 + 0x29200 (where iVar1 is the cursor after the initial D"
0x00114e10,Town_AdvanceFloraGrowthForPlayableAcres,Town,partial,"AUDIT 2026-09-07: does NOT iterate all 20 acres -- picks ONE random eligible acre via bounded RNG and processes it via Town_ProcessFloraTileGrid, then returns early. See systems/flora-growth.md."
0x001175bc,Town_BsGrowUp_UpdateDailyFloraGrowth,Town,done,Main daily flora tick: checks rain/snow weather to auto-water all flowers and triggers acre flora update.
0x001176c4,Town_BsGrowUp_CheckDayChange,Town,done,Monitors GameDateTime day-of-month and executes acre scan when date advances.
0x0011d538,Core_Main_EntryPoint,Core,partial,"Application entry point. Initializes core services, waits for applet readiness, then enters the main game loop via FUN00"
0x0011e3d8,Core_AppServiceInitializer,Core,partial,Initializes core 3DS OS services required before the game loop starts. Contains IPC calls via SVC 0x24 (WaitSynchronizat
0x0011edfc,Core_MainGameLoop,Core,partial,The main game loop / application lifecycle function. Manages three initialization phases (tracked via bytes in appstate)
0x00124120,Time_ConvertDateToTicks,Time,done,Converts a date object to a 64-bit tick representation. Called as Phase 1 of FUN00308F5C before tick-space arithmetic.
0x00124154,Time_ConvertTicksToWallClock,Time,done,Computes current wall-clock time by combining: 1. Elapsed ticks since startup (from FUN0012994C) 2. Base wall-clock time
0x00126514,Time_ConvertTicksToDate,Time,done,Converts a 64-bit tick value back to a date struct. Inverse of FUN00124120. Core utility for the entire date arithmetic
0x001296bc,Time_CalculateJulianDay,Time,partial,Converts a broken-down date/time into a single 64-bit integer timestamp. Used as the foundation of all date arithmetic i
0x0012994c,Time_ReadCalibratedSystemTicks,Time,partial,Returns the current time as a 64-bit tick count derived from the 3DS system tick counter. Critically: this is not a dire
0x0012a53c,Core_ServiceHandleWaitIpcInit,Core,done,"Waits for a service handle to become ready (SVC 0x24 = WaitSynchronization1), then proceeds to open the service port via"
0x0012cc9c,Save_CleanupSaveDataBuffer,Save,partial,"Destructor / cleanup function for the gardenplus.dat save buffer. Checks if the buffer is loaded, calls C++ destructors"
0x0012f8a0,Time_JulianDayNumberCalculator,Time,partial,"Converts a calendar date to a Julian Day Number (or equivalent day-count integer), using an epoch anchored at year 2000."
0x0012f998,Time_JulianDaySubFieldCalculator,Time,done,"Computes a tick/Julian Day value from (year, month, dayfield). Variant of FUN0012F8A0 used specifically for sub-field no"
0x0019f2f4,UI_BsMenuItem_DrawPocketsUI,UI,done,Dispatches 2D lyt layout rendering for 16 pocket item slots and active item cursor.
0x0019f37c,UI_BsMenuItem_InitPocketsMenu,UI,done,"Initializes 16 pocket item icon sprites, equips hand slot layout, and binds touch callbacks."
0x0019f768,UI_BsMenuItem_UpdatePocketsTouchAndButtons,UI,partial,"AUDIT 2026-09-07: real code is a generic focus/dirty-flag dispatcher (toggles state bits, calls a vtable callback + two redraw calls at +0xE0/+0xD44). No drag-and-drop, fruit stacking, or context-menu logic found. See systems/inventory.md."
0x0019fa5c,UI_BsMenuItem_ClosePocketsMenu,UI,done,"Closes pockets menu, saves inventory ordering to active player buffer, and resumes gameplay."
0x001af1d8,Save_SaveSystemPerFrameTick,Save,partial,"Per-frame wrapper around the save state machine. Prepares context, calls the dispatcher, then executes a virtual callbac"
0x001b8b9c,Save_ReadSaveFileRaw,Save,partial,Generic low-level file reader. Implements the full open → seek → read → verify → close cycle against the nn::fs API. Ret
0x001b927c,Save_MountSaveArchive,Save,partial,"Mounts the save data archive via nn::fs using the ""data:"" virtual drive. Sets a global busy flag before mounting. Return"
0x001b9428,Save_CheckSaveMount,Save,partial,"Pre-flight check before reading gardenplus.dat. Verifies the save archive is accessible and mounts ""data:"" if needed. Re"
0x001b96c8,Save_LoadGardenPlusFile,Save,done,Reads the entire gardenplus.dat save file into the runtime save buffer.
0x001d3748,Save_DispatchSaveLifecycle,Save,partial,This function implements a state machine for resource loading. It manages the transition from raw data loading to struct
0x001d3d3c,Save_DispatchSaveLoadStateMachine,Save,partial,Per-tick dispatcher for the save system state machine. Extracts state bits [1:5] from param3 (uVar4 = param3 & 0x3e) and
0x001e0340,Core_ConstructSmallMapStateObject,Core,done,"Minimal constructor - zeroes 3 uint32 fields and 1 uint16 field at offset +0x22, then calls FUN0027a490."
0x001e5bc8,Weather_InitializeWeatherSystem,Weather,done,"Initializes the entire weather system: loads all four shaders, then populates a set of weather data tables from an exter"
0x001e5eb0,Weather_GetSeasonParameter,Weather,done,"Queries a 4-byte property from the 23-period season parameter table (DAT_00951138, 0x28 bytes per period)."
0x001e5ef4,Weather_PeriodicWeatherUpdate,Weather,partial,Per-frame tick that throttles weather parameter updates to every 300 frames (~5 seconds at 60fps). When the counter expi
0x001e63dc,Weather_InterpolateWeatherEnvironment,Weather,partial,"Per-frame weather update. Reads current and next weather state indices from a time/date object, interpolates all weather"
0x001e6fe0,Weather_CompositeSkyColors,Weather,partial,Blends up to 10 weighted sky color layers and pushes the results as GPU uniforms to PICA200. This is the per-frame sky r
0x001e82e0,Weather_ResolveWeatherGroupIndex,Weather,done,"Maps (weathertype, periodindex) → groupindex into EnvironmentParameter.bin."
0x001e8518,Weather_ImmediateWeatherStateUpdater,Weather,partial,"Called on weather state transitions (not periodically). Resets weather object fields, sets cloud parameters, then calls"
0x001e9e68,Fish_AcFsFdShadow_StateHit_Update,Item,done,"Ticks reel-in reaction timer. If player fails to press A before timer expires, fish transitions to Escape state."
0x001ea010,Fish_AcFsFdShadow_StatePick_Update,Item,done,"Evaluates 20%-per-nibble bite formula: P(Bite) = nibble_count * 20%. Nudges bobber on fail, bites on success."
0x001eb5e4,Fish_AcFsFdShadow_StateHit_Enter,Item,done,"Submerges bobber underwater, triggers splash SFX, and computes frame reel-in reaction window (seconds * 30.0)."
0x001eb920,Fish_AcFsFdShadow_StatePick_Enter,Item,done,Enters Pick state: orients fish shadow towards detected player fishing bobber.
0x001ebc08,Fish_AcFsFdShadow_StateEscape_Enter,Item,done,Increases swimming speed by 3x and plots escape trajectory away from player before entity despawn.
0x001ec774,Fish_AcFsFdShadow_UpdateSwimmingAI,Item,done,12-state fish AI state machine dispatch and Euclidean player-distance check for running footstep spooking.
0x001f4b0c,Actor_AcObjectBase_Draw,Actor,done,Draw dispatch: invokes model component draw (+0x18) and renders dynamic ground shadow ellipse via FUN_006EE3CC.
0x001f4b94,Actor_AcObjectBase_UpdatePhysics,Actor,done,"Velocity integration (pos += vel), ground elevation clamping via Town_SampleFlatGroundHeight, and affine model transform calculation."
0x001f4cc4,Actor_AcObjectBase_Init,Actor,done,"Two-phase initialization of world entity: calculates acre coordinates (X/Z / 256), samples terrain elevation, registers in spatial acre grid."
0x001f4de8,Actor_AcObjectBase_Update,Actor,done,"Per-frame entity tick: resets visual offset, executes behavior state machine (+0x60), updates physics/movement (+0x64), and calls post-update hook (+0x50)."
0x001f4ebc,Actor_AcObjectBase_BuildMatrix,Actor,done,Constructs 4x3 affine transform matrix from position Vector3 and applies XYZ Euler rotation angles via trigonometric LUT.
0x001f50c0,Actor_AcObjectBase_Dtor,Actor,done,Deleting destructor for AcObjectBase. Invokes Actor_Actor_Dtor and deallocates instance memory via operator delete.
0x00200d34,Town_FieldFactory_CreateBuilderForState,Town,done,"Master factory dispatcher (dFieldFactory.cpp) that instantiates the appropriate FieldBuilder (VillagePrologueBuilder, MuseumBuilder, CampNpcBuilder, etc.) based on game state flags."
0x00229684,Weather_UpdateRainParticles,Weather,done,Updates rain particle simulation state
0x0022a9c8,Weather_UpdateSnowParticles,Weather,done,Updates snow particle simulation state
0x0022eba4,Time_PeriodicTimerCheck,Time,flagged,Address does not resolve in Ghidra (re-audit 2026-09-07) - was: Timer/tick-based check function. Uses SVC 0x28 (GetSystemTick) and divides by 0x1a/0x5a constants. Calls FUN00300fdc onl
0x00244884,Time_SetdatetimebgConstructor,Time,partial,Constructor for the SetDateTimeBg UI screen - the in-game date/time settings screen. Sets up UI components: input fields
0x0024f314,Insect_AcInsectFieldBase_LoadSpeciesParams,Item,done,Loads 80-byte (0x50) physics and behavior record from table 0x0086773C for insect species (0..71).
0x002526a0,Fish_BsFishFieldMgr_SelectAndSpawnFish,Item,done,Queries cumulative probability table for river/ocean based on current time/date and spawns fish species.
0x00253a08,Fish_BsFishFieldMgr_TickSpawns,Item,done,Enforces 8-fish maximum concurrency in town (river + ocean < 8) and ticks spawn timer.
0x00253f54,Fish_BsFishFieldMgr_AllocateFishSlot,Item,done,"Packs 6-byte state into one of 8 active fish slots ('T'..'['), packing 10-bit world X/Z coordinates."
0x002554a4,Fish_BsFishFieldMgr_UpdateFishLoop,Item,done,Main update tick for fish manager: processes active fish pool and checks player bobber proximity.
0x002663f0,Weather_UpdatePaperParticles,Weather,done,Updates confetti/paper particle simulation state
0x0062F7D0,PostOffice_UpdateMonthlyInterestAndSavingsRewards,PostOffice,done,"Calculates monthly interest on ABD savings (0.5%, max 99,999 Bells), deposits interest to +0x6B8C, sends Mail_SP_Postoffice letter, and awards 8 tiers of savings milestone items (100k to 100M Bells)."
0x00303700,Player_Abd_GetBalance,Player,done,"Decrypts obfuscated ABD savings balance from 8-byte player struct (+0x6B8C). Validates checksum with 0xBA, applies ROL32(28 - shift), and subtracts (key + 0x8F187432)."
0x003035C4,Player_Abd_SetBalance,Player,done,"Encrypts ABD bank balance into 8-byte player struct (+0x6B8C). Generates random 16-bit key, random shift (0..25), applies ROL32(shift + 4), and writes checksum with constant 0xBA."
0x00612CD4,Player_Abd_DepositClamped,Player,done,"Adds deposit amount to ABD savings balance with overflow check, clamping to max limit (999,999,999 Bells)."
0x00305AD8,Player_Abd_AddInterest,Player,done,"Calls Player_Abd_DepositClamped on player account (+0x6B8C) with hardcoded max limit of 999,999,999 Bells."
0x002FF304,Save_Mail_ConstructLetter640B,Save,done,"Constructs 640-byte (0x280) dSvMail structure: Recipient (66B @ +0x68), Message (386B @ +0xAA), Sender (66B @ +0x22C), Stationery (+0x26E), Flags (+0x26F), Present item (4B @ +0x274), Timestamp (+0x278)."
0x006F4234,Save_Player_InitMailPockets,Save,done,"Initializes player mail data: 10 pocket letter slots (10x0x280 = 0x1900 bytes), 1 incoming/work buffer letter (0x280 bytes @ +0x1900), and tail struct (+0x1B80). Total 0x1B88 bytes per player."
0x005CB34C,Mail_CreateSpecialLetter,Save,done,"Creates special system letter from template (e.g. Mail_SP_Postoffice) with recipient, stationery, item attachment, and queue flags."
